{"accuracy": [0.8950833082199097, 0.9700000286102295, 0.9838333129882812, 0.9889166951179504, 0.9935833215713501, 0.9947500228881836, 0.9936666488647461, 0.9973333477973938, 0.9953333139419556, 0.996999979019165, 0.9975000023841858, 0.9982500076293945], "loss": [0.31408730149269104, 0.09239708632230759, 0.05046818032860756, 0.028774065896868706, 0.021254604682326317, 0.01831836998462677, 0.0213067214936018, 0.008462412282824516, 0.016929425299167633, 0.009427542798221111, 0.007487153168767691, 0.006032275501638651], "val_accuracy": [0.3179999887943268, 0.4560000002384186, 0.9959999918937683, 0.9986666440963745, 1.0, 0.9993333220481873, 1.0, 1.0, 0.9980000257492065, 0.9993333220481873, 0.9986666440963745, 1.0], "val_loss": [3.5427966117858887, 2.1582961082458496, 0.008946527726948261, 0.0024089785292744637, 0.0008086668676696718, 0.0016471296548843384, 0.0006569112301804125, 0.0008984438609331846, 0.006736031733453274, 0.002118297852575779, 0.00310265040025115, 0.0006751554901711643], "learning_rate": [9.999999747378752e-05, 9.999999747378752e-05, 9.999999747378752e-05, 9.999999747378752e-05, 9.999999747378752e-05, 9.999999747378752e-05, 9.999999747378752e-05, 9.999999747378752e-05, 9.999999747378752e-05, 9.999999747378752e-05, 1.9999999494757503e-05, 1.9999999494757503e-05]}