{"accuracy": [0.5108016729354858, 0.49167099595069885, 0.4986985921859741, 0.5121030807495117, 0.5075481534004211, 0.49973970651626587, 0.5067673325538635, 0.5106714963912964, 0.4979177415370941, 0.5085892677307129], "loss": [0.703206479549408, 0.7040612101554871, 0.7025212049484253, 0.6989812850952148, 0.6987486481666565, 0.7020846009254456, 0.699492871761322, 0.6995939612388611, 0.7004852890968323, 0.7002829909324646], "val_accuracy": [0.5231650471687317, 0.5231650471687317, 0.5231650471687317, 0.4768349826335907, 0.5231650471687317, 0.5236855745315552, 0.5231650471687317, 0.5216033458709717, 0.5179594159126282, 0.5231650471687317], "val_loss": [0.7011861205101013, 0.6966740489006042, 0.6920953392982483, 0.6951882839202881, 0.6919623613357544, 0.6926866769790649, 0.6918016076087952, 0.6923108696937561, 0.6925172209739685, 0.6917347311973572], "learning_rate": [0.0010000000474974513, 0.0010000000474974513, 0.0010000000474974513, 0.0010000000474974513, 0.0010000000474974513, 0.0010000000474974513, 0.0010000000474974513, 0.0010000000474974513, 0.0010000000474974513, 0.0010000000474974513]}